country,iso_country,price_eur_lit
Aruba,AW,0.4231
Andorra,AD,0.6974
Afghanistan,AF,0.9462
Angola,AO,0.8369
Albania,AL,0.7927
United Arab Emirates,AE,0.2487
Argentina,AR,0.2906
Armenia,AM,0.4649
American Samoa,AS,0.6974
Antigua and Barbuda,AG,0.5975
Australia,AU,0.4603
Austria,AT,0.3557
Azerbaijan,AZ,0.2325
Burundi,BI,0.6625
Belgium,BE,0.3789
Benin,BJ,0.2557
Burkina Faso,BF,0.5742
Bangladesh,BD,0.5533
Bulgaria,BG,0.2697
Bahrain,BH,0.2487
"Bahamas, The",BS,0.7486
Bosnia and Herzegovina,BA,0.3789
Belarus,BY,0.2487
Belize,BZ,0.3138
Bermuda,BM,0.3999
Bolivia,BO,0.4649
Brazil,BR,0.2836
Barbados,BB,0.3138
Brunei Darussalam,BN,0.2697
Bhutan,BT,0.6974
Botswana,BW,0.902
Central African Republic,CF,0.5975
Canada,CA,0.3557
Channel Islands,CHI,0.6974
Chile,CL,0.2906
China,CN,0.2697
Cote d'Ivoire,CI,0.6974
Cameroon,CM,0.2906
"Congo, Rep.",CG,0.7276
Colombia,CO,0.3557
Comoros,KM,0.6625
Cape Verde,CV,0.2697
Costa Rica,CR,0.5742
Cuba,CU,0.3557
Curacao,CW,0.2697
Cayman Islands,KY,1.0113
Cyprus,CY,0.2697
Czech Republic,CZ,0.4231
Germany,DE,0.2906
Djibouti,DJ,0.2697
Dominica,DM,0.53
Denmark,DK,0.3999
Dominican Republic,DO,0.3999
Algeria,DZ,0.2255
Ecuador,EC,0.3138
Egypt,EG,0.2487
Eritrea,ER,0.902
Spain,ES,0.2697
Estonia,EE,0.7044
Ethiopia,ET,0.5091
Finland,FI,0.2697
Fiji,FJ,0.3557
France,FR,0.2906
Faeroe Islands,FO,0.6974
"Micronesia, Fed. Sts.",FM,0.6974
Gabon,GA,0.444
United Kingdom,GB,0.2255
Georgia,GE,0.2487
Ghana,GH,0.5742
Guinea,GN,0.53
Gambia,GM,0.4231
Guinea-Bissau,GW,0.53
Equatorial Guinea,GQ,0.0744
Greece,GR,0.2487
Grenada,GD,0.6184
Greenland,GL,0.5742
Guatemala,GT,0.3138
Guam,GU,0.3138
Guyana,GY,0.5975
"Hong Kong SAR, China",HK,0.6184
Honduras,HN,0.2906
Croatia,HR,0.2697
Haiti,HT,0.902
Hungary,HU,0.2906
Indonesia,ID,0.2697
Isle of Man,IM,0.6974
India,IN,0.2487
Ireland,IE,0.2906
"Iran, Islamic Rep.",IR,0.2255
Iraq,IQ,0.2255
Iceland,IS,0.2487
Israel,IL,0.2906
Italy,IT,0.3138
Jamaica,JM,0.2906
Jordan,JO,0.2255
Japan,JP,0.2906
Kazakhstan,KZ,0.3789
Kenya,KE,0.2697
Kyrgyz Republic,KG,0.3557
Cambodia,KH,0.2906
Kiribati,KI,0.6974
St. Kitts and Nevis,KN,0.7276
"Korea, Rep.",KR,0.2906
Kosovo,KSV,0.6974
Kuwait,KW,0.2255
Lao PDR,LA,0.444
Lebanon,LB,0.3138
Liberia,LR,0.5533
Libya,LY,0.0953
St. Lucia,LC,0.6184
Liechtenstein,LI,0.6974
Sri Lanka,LK,0.2697
Lesotho,LS,0.6974
Lithuania,LT,0.3138
Luxembourg,LU,0.2487
Latvia,LV,0.4231
"Macao SAR, China",MO,0.2487
St. Martin (French part),MF,0.3999
Morocco,MA,0.2697
Monaco,MC,0.6974
Moldova,MD,0.3557
Madagascar,MG,0.53
Maldives,MV,0.5091
Mexico,MX,0.3999
Marshall Islands,MH,0.6974
"Macedonia, FYR",MK,0.3999
Mali,ML,0.53
Malta,MT,0.2697
Myanmar,MM,0.8137
Montenegro,ME,0.0744
Mongolia,MN,0.53
Northern Mariana Islands,MP,0.5091
Mozambique,MZ,0.3557
Mauritania,MR,0.4649
Mauritius,MU,0.3138
Malawi,MW,0.8787
Malaysia,MY,0.1813
Namibia,NA,0.7276
New Caledonia,NC,0.4231
Niger,NE,0.6835
Nigeria,NG,0.3999
Nicaragua,NI,0.2906
Netherlands,NL,0.2487
Norway,NO,0.2487
Nepal,NP,0.7044
New Zealand,NZ,0.3138
Oman,OM,0.1813
Pakistan,PK,0.3138
Panama,PA,0.3371
Peru,PE,0.4231
Philippines,PH,0.4231
Palau,PW,0.6974
Papua New Guinea,PG,0.7276
Poland,PL,0.4231
Puerto Rico,PR,0.2487
"Korea, Dem. Rep.",KP,0.2906
Portugal,PT,0.2627
Paraguay,PY,0.6625
French Polynesia,PF,0.3557
Qatar,QA,0.2697
Romania,RO,0.2487
Russian Federation,RU,0.2906
Rwanda,RW,0.7276
Saudi Arabia,SA,0.4231
Sudan,SD,0.5347
Senegal,SN,0.3999
Singapore,SG,0.1604
Solomon Islands,SB,0.53
Sierra Leone,SL,0.53
El Salvador,SV,0.3999
San Marino,SM,0.6974
Somalia,SO,0.8578
Serbia,RS,0.2487
South Sudan,SS,0.5347
Sao Tome and Principe,ST,0.7183
Suriname,SR,0.4231
Slovak Republic,SK,0.4231
Slovenia,SI,0.3999
Sweden,SE,0.2697
Swaziland,SZ,0.3999
Switzerland,CH,0.2487
Sint Maarten (Dutch part),SX,0.6974
Seychelles,SC,0.3789
Syrian Arab Republic,SY,0.2906
Turks and Caicos Islands,TC,0.6974
Chad,TD,0.3999
Togo,TG,0.5091
Thailand,TH,0.2697
Tajikistan,TJ,0.7486
Turkmenistan,TM,0.4649
Timor-Leste,TL,0.6184
Tonga,TO,0.7276
Trinidad and Tobago,TT,0.2487
Tunisia,TN,0.2697
Turkey,TR,0.2487
Tuvalu,TV,0.6974
Tanzania,TZ,0.3999
Uganda,UG,0.3999
Ukraine,UA,0.53
Uruguay,UY,0.4231
United States,US,0.2487
Uzbekistan,UZ,0.6184
St. Vincent and the Grenadines,VC,0.9671
"Venezuela, RB",VE,0.2487
Virgin Islands (U.S.),VI,0.7044
Vietnam,VN,0.3138
Vanuatu,VU,0.8137
Samoa,WS,0.4231
"Yemen, Rep.",YE,0.3138
South Africa,ZA,0.2487
"Congo, Dem. Rep.",CD,0.7276
Zambia,ZM,0.2906
Zimbabwe,ZW,0.6835
